t,signal
0.0,0.0
0.0005002501250625312,0.3297470443081124
0.0010005002501250625,0.6577852232800739
0.0015007503751875936,0.982417339047721
0.002001000500250125,1.301969439765983
0.0025012506253126563,1.6148022210593433
0.003001500750375187,1.9193221635921545
0.0035017508754377185,2.2139923221227886
0.00400200100050025,2.4973426842106043
0.004502251125562781,2.767980020211776
0.0050025012506253125,3.0245971502963145
0.005502751375687844,3.2659815589099725
0.006003001500750374,3.491023292352091
0.006503251625812906,3.6987220809002097
0.007003501750875437,3.8881936331364377
0.007503751875937968,4.058675056767501
0.0080040020010005,4.209529367224884
0.00850425212606303,4.340249052625542
0.009004502251125562,4.4504586712067615
0.009504752376188093,4.539916465058568
0.010005002501250625,4.6085149817997575
0.010505252626313155,4.656280703714566
0.011005502751375688,4.68337269172132
0.011505752876438218,4.690080259317278
0.012006003001500749,4.676819699271659
0.01250625312656328,4.644130093258665
0.013006503251625811,4.592668241773782
0.013506753376688344,4.523202758501201
0.014007003501750874,4.436607379742513
0.014507253626813406,4.333853545524701
0.015007503751875937,4.216002314530505
0.015507753876938469,4.08419567999223
0.016008004002001,3.9396473581213582
0.01650825412706353,3.7836331244759323
0.01700850425212606,3.617480776866123
0.017508754377188594,3.442559805941054
0.018009004502251125,3.260270856468388
0.018509254627313655,3.0720350634990647
0.019009504752376186,2.879283348095922
0.01950975487743872,2.6834457570952353
0.02001000500250125,2.4859409304690527
0.02051025512756378,2.288165778273821
0.02101050525262631,2.0914854469233592
0.02151075537768884,1.897223651633071
0.022011005502751375,1.7066534483745555
0.022511255627813906,1.520988514587346
0.023011505752876436,1.3413750032542513
0.023511755877938967,1.16888402980016
0.024012006003001497,1.0045048456664145
0.02451225612806403,0.849138746393434
0.02501250625312656,0.703593755665456
0.025512756378189092,0.5685801200884434
0.026013006503251623,0.44470664254315195
0.026513256628314157,0.3324778748393844
0.027013506753376687,0.2322921831556437
0.027513756878439218,0.14444069244229463
0.028014007003501748,0.06910710865795511
0.02851425712856428,0.00636841045982639
0.029014507253626812,-0.0438036051599906
0.029514757378689343,-0.08153994574885604
0.030015007503751873,-0.10707124394625256
0.030515257628814404,-0.12072381130001231
0.031015507753876938,-0.1229149670030002
0.03151575787893947,-0.11414768888314075
0.032016008004002,-0.09500463921419602
0.03251625812906453,-0.06614162266572834
0.03301650825412706,-0.02828053794075292
0.03351675837918959,0.017798111674317003
0.03401700850425212,0.07126308052861877
0.03451725862931466,0.13124054478645936
0.03501750875437719,0.1968224958922345
0.03551775887943972,0.2670752894125767
0.03601800900450225,0.34104827475581534
0.03651825912956478,0.41778243131898074
0.03701850925462731,0.4963189373000673
0.03751875937968984,0.5757075987280345
0.03801900950475237,0.6550150681897671
0.0385192596298149,0.7333327852510887
0.03901950975487744,0.8097845736525264
0.03951975987993997,0.8835338339791949
0.0400200100050025,0.9537902746231677
0.04052026013006503,1.0198161284369016
0.04102051025512756,1.0809318074747738
0.04152076038019009,1.1365209535904193
0.04202101050525262,1.1860348483509202
0.04252126063031515,1.2289961516932828
0.04302151075537768,1.2650019449301668
0.04352176088044022,1.2937260600548977
0.04402201100550275,1.3149206837440277
0.04452226113056528,1.32841723095162
0.04502251125562781,1.3341264894761087
0.04552276138069034,1.3320380433007109
0.04602301150575287,1.3222189888064013
0.0465232616308154,1.3048119640774152
0.047023511755877934,1.280032517410761
0.047523761880940464,1.248165846752545
0.048024012006002995,1.2095629470677869
0.04852426213106553,1.1646362075619239
0.04902451225612806,1.1138545051708773
0.04952476238119059,1.0577378447849224
0.05002501250625312,0.9968516002371147
0.050525262631315654,0.9318004131411755
0.051025512756378184,0.8632218091827594
0.051525762881440715,0.7917795934333134
0.052026013006503245,0.7181570876533758
0.052526263131565776,0.6430502733734662
0.05302651325662831,0.5671609047824864
0.053526763381690844,0.49118965511714074
0.054027013506753374,0.4158293593385325
0.054527263631815905,0.3417584144155055
0.055027513756878435,0.26963439652540533
0.055527763881940966,0.20008795195352658
0.056028014007003496,0.1337170154484375
0.056528264132066026,0.07108140630253557
0.05702851425712856,0.01269784850963862
0.057528764382191094,-0.04096454295739205
0.058029014507253625,-0.08948827236475776
0.058529264632316155,-0.13251093751172205
0.059029514757378686,-0.16972814090350585
0.059529764882441216,-0.2008958160388873
0.06003001500750375,-0.22583195263991596
0.06053026513256628,-0.2444177103502707
0.06103051525762881,-0.2565979161825659
0.06153076538269134,-0.2623809467509248
0.062031015507753876,-0.26183800203075513
0.0625312656328164,-0.25510178299130865
0.06303151575787894,-0.24236459089752566
0.06353176588294146,-0.22387587132738962
0.064032016008004,-0.19993923095209643
0.06453226613306653,-0.17090895983519827
0.06503251625812906,-0.1371860963812812
0.0655327663831916,-0.09921407606727545
0.06603301650825412,-0.057474008684799585
0.06653326663331666,-0.012479631979812427
0.06703351675837918,0.03522800773056162
0.06753376688344172,0.08508609517715299
0.06803401700850424,0.1365157515039782
0.06853426713356678,0.1889278497041249
0.06903451725862932,0.2417288837904465
0.06953476738369184,0.2943268352337898
0.07003501750875438,0.34613698059710774
0.0705352676338169,0.3965875852105638
0.07103551775887944,0.4451254291591651
0.07153576788394196,0.4912211137751492
0.0720360180090045,0.5343740992219593
0.07253626813406702,0.5741174266005841
0.07303651825912956,0.610022081274278
0.0735367683841921,0.6417009577611348
0.07403701850925462,0.6688123905510364
0.07453726863431716,0.6910632195241344
0.07503751875937968,0.7082113632417202
0.07553776888444222,0.7200678782023604
0.07603801900950474,0.7264984871612483
0.07653826913456728,0.7274245647509314
0.0770385192596298,0.7228235738689347
0.07753876938469234,0.7127289515627109
0.07803901950975488,0.6972294483960662
0.0785392696348174,0.6764679304740714
0.07903951975987994,0.6506396583879351
0.07953976988494246,0.6199900622695321
0.080040020010005,0.5848120368723815
0.08054027013506752,0.5454427850777752
0.08104052026013006,0.5022602424208873
0.08154077038519258,0.4556791191033437
0.08204102051025512,0.40614659947088594
0.08254127063531766,0.3541377420556937
0.08304152076038018,0.30015062598459197
0.08354177088544272,0.2447012918125406
0.08404202101050524,0.18831852663618423
0.08454227113556778,0.131538544658403
0.0850425212606303,0.07489961520202498
0.08554277138569284,0.01893669050128871
0.08604302151075537,-0.035823914567031545
0.0865432716358179,-0.08886973931301312
0.08704352176088044,-0.13970724027294334
0.08754377188594296,-0.18786665173282302
0.0880440220110055,-0.23290659709392902
0.08854427213606803,-0.27441840696019904
0.08904452226113056,-0.3120301027629684
0.08954477238619309,-0.34541000805885047
0.09004502251125562,-0.37426995331019375
0.09054527263631815,-0.39836804394840786
0.09104552276138068,-0.4175109657909286
0.09154577288644322,-0.43155580639136715
0.09204602301150575,-0.4404113756069379
0.09254627313656828,-0.44403901352257313
0.0930465232616308,-0.44245287883127704
0.09354677338669334,-0.43571971578827073
0.09404702351175587,-0.42395810288469565
0.0945472736368184,-0.4073371913778851
0.09504752376188093,-0.38607494672198855
0.09554777388694347,-0.3604359107191658
0.09604802401200599,-0.3307285068122722
0.09654827413706853,-0.2973019153220306
0.09704852426213106,-0.2605425495534794
0.09754877438719359,-0.2208701675196746
0.09804902451225612,-0.17873365751882098
0.09854927463731865,-0.1346065389219679
0.09904952476238119,-0.08898222225223079
0.09954977488744371,-0.04236907493825774
0.10005002501250625,0.0047146590179035575
0.10055027513756877,0.051746035822034804
0.10105052526263131,0.09820263456008058
0.10155077538769385,0.14356777476491583
0.10205102551275637,0.18733567792987546
0.1025512756378189,0.2290165225567133
0.10305152576288143,0.26814134334335327
0.10355177588794397,0.3042667266061649
0.10405202601300649,0.33697925597966216
0.10455227613806903,0.3658996648242607
0.10505252626313155,0.39068665457842655
0.10555277638819409,0.4110403414881577
0.10605302651325663,0.426705297704867
0.10655327663831915,0.43747315662850694
0.10705352676338169,0.4431847565498135
0.10755377688844421,0.4437318010747777
0.10805402701350675,0.43905801945375655
0.10855427713856927,0.429159814743844
0.10905452726363181,0.41408639266047764
0.10955477738869433,0.3939393689767071
0.11005502751375687,0.3688718583585243
0.11055527763881941,0.3390870525348748
0.11105552776388193,0.3048363006438638
0.11155577788894447,0.26641670942550166
0.11205602801400699,0.22416828560026814
0.11255627813906953,0.17847064723720218
0.11305652826413205,0.1297393351330598
0.11355677838919459,0.07842175915434335
0.11405702851425711,0.024992818099865588
0.11455727863931965,-0.030049765112862115
0.11505752876438219,-0.0861903482787823
0.11555777888944471,-0.14290046765946107
0.11605802901450725,-0.199644079572119
0.11655827913956977,-0.2558828951946837
0.11705852926463231,-0.31108175691533607
0.11755877938969483,-0.3647140039915132
0.11805902951475737,-0.41626677521603694
0.1185592796398199,-0.46524619671816003
0.11905952976488243,-0.5111824039528363
0.11955977988994497,-0.5536343483447768
0.1200600300150075,-0.5921943409428958
0.12056028014007003,-0.626492287789692
0.12106053026513255,-0.6561995744972653
0.12156078039019509,-0.6810325607236292
0.12206103051525762,-0.7007556488293307
0.12256128064032015,-0.7151838949341303
0.12306153076538268,-0.7241851348497178
0.12356178089044521,-0.7276816018989309
0.12406203101550775,-0.7256510184027065
0.12456228114057027,-0.7181271475791966
0.1250625312656328,-0.7051997977094707
0.12556278139069535,-0.6870142756330618
0.12606303151575787,-0.6637702918966554
0.1265632816408204,-0.6357203251403533
0.12706353176588292,-0.6031674585200343
0.12756378189094547,-0.5664627060811362
0.128064032016008,-0.5260018519716
0.12856428214107052,-0.4822218301615041
0.12906453226613307,-0.4355966768795583
0.1295647823911956,-0.38663309223782616
0.13006503251625812,-0.3358656514551913
0.13056528264132064,-0.28385170966894746
0.1310655327663832,-0.2311660475070158
0.13156578289144572,-0.1783953073497771
0.13206603301650824,-0.12613227251200215
0.13256628314157076,-0.07497004339878036
0.1330665332666333,-0.02549616601484332
0.13356678339169584,0.021713230979966087
0.13406703351675836,0.06609923418578739
0.1345672836418209,0.10712582210236984
0.13506753376688344,0.14428536501307965
0.13556778389194596,0.17710389392300047
0.13606803401700848,0.20514608616581403
0.13656828414207103,0.2280199176000307
0.13706853426713356,0.24538093410357537
0.13756878439219608,0.25693609832319364
0.13806903451725863,0.2624471713147324
0.13856928464232116,0.2617335927898762
0.13906953476738368,0.2546748281296015
0.1395697848924462,0.24121215509516403
0.14007003501750875,0.22134986822199665
0.14057028514257128,0.19515588417559393
0.1410705352676338,0.16276173683388495
0.14157078539269632,0.12436195648884252
0.14207103551775888,0.08021283327978834
0.1425712856428214,0.030630570730735274
0.14307153576788392,-0.024011158988893055
0.14357178589294647,-0.08328424077898955
0.144072036018009,-0.1467097004337704
0.14457228614307152,-0.21376181831726115
0.14507253626813404,-0.2838727394541609
0.1455727863931966,-0.35643754169429975
0.14607303651825912,-0.43081971901650606
0.14657328664332164,-0.5063570328040515
0.1470735367683842,-0.5823676800891793
0.14757378689344672,-0.6581567243665291
0.14807403701850924,-0.7330227316479778
0.14857428714357176,-0.8062645520038765
0.14907453726863432,-0.8771881849339227
0.14957478739369684,-0.9451136655547628
0.15007503751875936,-1.009381907797652
0.1505752876438219,-1.0693614405881482
0.15107553776888444,-1.1244549733376485
0.15157578789394696,-1.174105728013549
0.15207603801900949,-1.2178034765668309
0.15257628814407204,-1.255090224573169
0.15307653826913456,-1.2855654845713809
0.15357678839419708,-1.3088910857415206
0.1540770385192596,-1.3247954702293363
0.15457728864432216,-1.3330774305651687
0.15507753876938468,-1.3336092472095011
0.1555777888944472,-1.3263391902469563
0.15607803901950976,-1.3112933546033911
0.15657828914457228,-1.2885768038321572
0.1570785392696348,-1.2583740034569728
0.15757878939469733,-1.2209485310196353
0.15807903951975988,-1.1766420563075675
0.1585792896448224,-1.1258725916742078
0.15907953976988493,-1.069132018858311
0.15957978989494745,-1.0069829051992303
0.16008004002001,-0.9400546285769528
0.16058029014507252,-0.8690388367209971
0.16108054027013505,-0.7946842726746874
0.1615807903951976,-0.7177910041158123
0.16208104052026012,-0.6392040998675887
0.16258129064532265,-0.5598068022337802
0.16308154077038517,-0.480513248710403
0.16358179089544772,-0.40226080111763074
0.16408204102051024,-0.32600204421745793
0.16458229114557277,-0.25269651939700766
0.16508254127063532,-0.1833022619700792
0.16558279139569784,-0.11876721305117688
0.16608304152076037,-0.060020578761884685
0.1665832916458229,-0.00796421072007121
0.16708354177088544,0.03653591767712071
0.16758379189594796,0.07265806474352568
0.1680840420210105,0.09963283005481266
0.168584292146073,0.11675094770751399
0.16908454227113556,0.12337069292661007
0.1695847923961981,0.11892483427395206
0.1700850425212606,0.10292706692244968
0.17058529264632316,0.0749778662501559
0.17108554277138568,0.03476970534551904
0.1715857928964482,-0.01790841513414909
0.17208604302151073,-0.08316717098253235
0.17258629314657328,-0.1610138928151954
0.1730865432716358,-0.251350353119249
0.17358679339669833,-0.3539713898290313
0.17408704352176088,-0.4685643875118123
0.1745872936468234,-0.5947096302583046
0.17508754377188593,-0.7318815332152027
0.17558779389694845,-0.8794507524310899
0.176088044022011,-1.0366871653741954
0.17658829414707353,-1.2027637071823394
0.17708854427213605,-1.3767610404838708
0.17758879439719857,-1.557673029544747
0.17808904452226113,-1.7444129826127894
0.17858929464732365,-1.9358206197030647
0.17908954477238617,-2.1306697167577857
0.17958979489744872,-2.3276763711720303
0.18009004502251125,-2.525507828157957
0.18059029514757377,-2.7227918023712174
0.1810905452726363,-2.9181262246889137
0.18159079539769885,-3.110089340050901
0.18209104552276137,-3.29725007888872
0.1825912956478239,-3.478178621902663
0.18309154577288644,-3.6514570758309723
0.18359179589794897,-3.8156901764081814
0.1840920460230115,-3.9695159339462163
0.18459229614807401,-4.111616136900946
0.18509254627313657,-4.240726629412537
0.1855927963981991,-4.355647280127221
0.1860930465232616,-4.4552515616124895
0.18659329664832414,-4.538495662353121
0.1870935467733867,-4.6044270566425425
0.1875937968984492,-4.652192461636186
0.18809404702351173,-4.681045115381331
0.18859429714857429,-4.690351314744533
0.1890945472736368,-4.6795961577829885
0.18959479739869933,-4.64838844120511
0.19009504752376186,-4.59646467008846
0.1905952976488244,-4.523692143917765
0.19109554777388693,-4.430071090215578
0.19159579789894945,-4.315735824504509
0.19209604802401198,-4.180954923001828
0.19259629814907453,-4.026130402241477
0.19309654827413705,-3.8517959076814345
0.19359679839919958,-3.6586139212207813
0.19409704852426213,-3.4473720053562036
0.19459729864932465,-3.2189781093870833
0.19509754877438718,-2.9744549705685577
0.1955977988994497,-2.714933650350951
0.19609804902451225,-2.441646252771516
0.19659829914957477,-2.1559178786229105
0.1970985492746373,-1.8591578751583016
0.19759879939969985,-1.5528504467541617
0.19809904952476237,-1.2385446970909415
0.1985992996498249,-0.9178441779872224
0.19909954977488742,-0.5923960239964522
0.19959979989994997,-0.26387975521205154
0.2001000500250125,0.06600416659783909
0.20060030015007502,0.3955459414172009
0.20110055027513754,0.7230381055733466
0.2016008004002001,1.0467871885227442
0.20210105052526262,1.3651252630045025
0.20260130065032514,1.6764213005949722
0.2031015507753877,1.9790922462658087
0.2036018009004502,2.271613727813448
0.20410205102551274,2.552530318970817
0.20460230115057526,2.8204652786070428
0.2051025512756378,3.0741296926393433
0.20560280140070034,3.3123309500871603
0.20610305152576286,3.5339804900521985
0.2066033016508254,3.738100762264155
0.20710355177588793,3.9238313501434123
0.20760380190095046,4.090434212044779
0.20810405202601298,4.237298003405242
0.20860430215107553,4.363941449865898
0.20910455227613806,4.4700157490112975
0.20960480240120058,4.555305986107355
0.2101050525262631,4.619731557056114
0.21060530265132565,4.663345599658827
0.21110555277638818,4.686333442121701
0.2116058029014507,4.6890100854878085
0.21210605302651325,4.67181674426969
0.21260630315157578,4.635316476928102
0.2131065532766383,4.580188944933123
0.21360680340170082,4.507224345896185
0.21410705352676337,4.417316572621143
0.2146073036518259,4.311455655837511
0.21510755377688842,4.190719553802019
0.21560780390195097,4.056265356842379
0.2161080540270135,3.9093199792307023
0.21660830415207602,3.75117041447954
0.21710855427713854,3.5831536332226044
0.2176088044022011,3.4066462052515623
0.21810905452726362,3.223053729011623
0.21860930465232614,3.0338001529014114
0.21910955477738867,2.84031707306968
0.21960980490245122,2.6440330920523696
0.22011005502751374,2.4463633215559533
0.22061030515257626,2.2486991109751746
0.22111055527763882,2.052398080856118
0.22161080540270134,1.8587745374981892
0.22211105552776386,1.6690903412611324
0.22261130565282639,1.4845462969387553
0.22311155577788894,1.3062741298152196
0.22361180590295146,1.1353291057778925
0.22411205602801398,0.9726833481659304
0.22461230615307654,0.8192198979389205
0.22511255627813906,0.6757275573051255
0.22561280640320158,0.5428965502124397
0.2261130565282641,0.4213150261339432
0.22661330665332666,0.311466426433752
0.22711355677838918,0.21372772533936768
0.2276138069034517,0.1283685502350983
0.22811405702851423,0.05555117868983017
0.22861430715357678,-0.004668597597505708
0.2291145572786393,-0.052339758848648055
0.22961480740370183,-0.0876135170727319
0.23011505752876438,-0.11073998022521414
0.2306153076538269,-0.12206405748801502
0.23111555777888942,-0.12202064849609984
0.23161580790395195,-0.11112916492702002
0.2321160580290145,-0.08998743801096651
0.23261630815407702,-0.05926507016858176
0.23311655827913955,-0.019696293105539366
0.2336168084042021,0.027927601745263243
0.23411705852926462,0.08276619156827053
0.23461730865432714,0.14393813806462616
0.23511755877938967,0.2105296179333409
0.23561780890445222,0.28160289385656595
0.23611805902951474,0.35620495144763153
0.23661830915457727,0.4333761277989884
0.2371185592796398,0.5121586580808566
0.23761880940470234,0.5916050680800861
0.23811905952976486,0.6707863426154207
0.2386193096548274,0.7487998023987269
0.23911955977988994,0.8247766251048086
0.23961980990495246,0.897888950134095
0.240120060030015,0.9673565107671542
0.2406203101550775,1.032452742077153
0.24112056028014006,1.0925103180433067
0.24162081040520259,1.14692607674737
0.2421210605302651,1.1951652982872383
0.24262131065532766,1.2367653060537236
0.24312156078039018,1.2713383682349273
0.2436218109054527,1.298573882781358
0.24412206103051523,1.3182398355272271
0.24462231115557778,1.3301835276620642
0.2451225612806403,1.334331575224497
0.24562281140570283,1.3306891896905455
0.24612306153076535,1.3193387549953242
0.2466233116558279,1.3004377224065042
0.24712356178089043,1.274215850507332
0.24762381190595295,1.2409718230962459
0.2481240620310155,1.201069283023457
0.24862431215607803,1.1549323248165944
0.24912456228114055,1.1030404933589955
0.24962481240620307,1.045923339838844
0.2501250625312656,0.9841545896521934
0.25062531265632815,0.9183459798922549
0.2511255627813907,0.8491408264667293
0.2516258129064532,0.7772073827375321
0.25212606303151575,0.7032320528604783
0.2526263131565783,0.6279125237077762
0.2531265632816408,0.5519508793820117
0.25362681340670334,0.4760467618790659
0.25412706353176584,0.40089064043713674
0.2546273136568284,0.3271572505322353
0.25512756378189094,0.25549926136610845
0.25562781390695344,0.18654122806134676
0.256128064032016,0.12087388165963509
0.25662831415707854,0.05904880644208821
0.25712856428214104,0.001573550091711562
0.2576288144072036,-0.051092792164129874
0.25812906453226614,-0.0985434830168237
0.25862931465732864,-0.1404275067509445
0.2591295647823912,-0.1764523650042581
0.2596298149074537,-0.20638628395635983
0.26013006503251623,-0.23005981790637153
0.2606303151575788,-0.24736683991413433
0.2611305652826413,-0.25826491593804357
0.26163081540770383,-0.2627750646526059
0.2621310655327664,-0.2609809108181686
0.2626313156578289,-0.253027245652422
0.26313156578289143,-0.2391180130677572
0.263631815907954,-0.21951374584222494
0.2641320660330165,-0.19452848073796986
0.26463231615807903,-0.1645261862261559
0.2651325662831415,-0.1299167407803976
0.2656328164082041,-0.09115150362451654
0.2661330665332666,-0.048718523330339616
0.2666333166583291,-0.0031374327287089733
0.2671335667833917,0.045045918805741714
0.2676338169084542,0.09526504252752066
0.2681340670335167,0.14693854218244157
0.26863431715857927,0.1994759447091533
0.2691345672836418,0.25228357337563045
0.2696348174087043,0.3047704069204151
0.27013506753376687,0.3563538687689416
0.2706353176588294,0.4064654914149367
0.2711355677838919,0.45455640258372354
0.27163581790895447,0.500102581811233
0.27213606803401696,0.5426098385593785
0.2726363181590795,0.5816184659188985
0.27313656828414207,0.6167075272962479
0.27363681840920456,0.64749873720859
0.2741370685342671,0.6736599013835011
0.27463731865932967,0.6949078857389679
0.27513756878439216,0.7110110884620817
0.2756378189094547,0.7217913942670935
0.27613806903451726,0.7271255949496851
0.27663831915957976,0.7269462655155849
0.2771385692846423,0.7212420904006112
0.2776388194097048,0.7100576395658623
0.27813906953476736,0.6934925994970703
0.2786393196598299,0.6717004693123774
0.2791395697848924,0.6448867372394907
0.27963981990995496,0.6133065576149779
0.2801400700350175,0.5772619532396658
0.28064032016008,0.5370985723524572
0.28114057028514255,0.49320203361858667
0.2816408204102051,0.44599389633124265
0.2821410705352676,0.39592729646156444
0.28264132066033015,0.34348229223120497
0.28314157078539265,0.2891609654966595
0.2836418209104552,0.23348232740126962
0.28414207103551775,0.17697707845172514
0.28464232116058025,0.12018227439487209
0.2851425712856428,0.0636359499988089
0.28564282141070535,0.007871753073475873
0.28614307153576785,-0.046586359200498695
0.2866433216608304,-0.09922931032602189
0.28714357178589295,-0.1495679308635781
0.28764382191095544,-0.19713777277993938
0.288144072036018,-0.2415036655996331
0.28864432216108055,-0.2822639707935769
0.28914457228614304,-0.31905449385493867
0.2896448224112056,-0.3515520169054215
0.2901450725362681,-0.3794774184153116
0.29064532266133064,-0.40259835067086425
0.2911455727863932,-0.42073144994344913
0.2916458229114557,-0.43374405886697043
0.29214607303651824,-0.44155544526798685
0.2926463231615808,-0.44413750657303497
0.2931465732866433,-0.441514953893301
0.29364682341170584,-0.4337649749104673
0.2941470735367684,-0.421016379712205
0.2946473236618309,-0.40344823870406177
0.29514757378689344,-0.38128802660848676
0.29564782391195593,-0.35480929130704814
0.2961480740370185,-0.32432887084184825
0.29664832416208103,-0.2902036862257196
0.29714857428714353,-0.2528271417756112
0.2976488244122061,-0.2126251684426822
0.29814907453726863,-0.17005194903002505
0.29864932466233113,-0.12558536723219868
0.2991495747873937,-0.07972222507277058
0.29964982491245623,-0.032973275530040785
0.3001500750375187,0.014141881092255889
0.3006503251625813,0.061099987190025754
0.3011505752876438,0.10737935359527845
0.3016508254127063,0.1524650699979114
0.3021510755377689,0.19585414917337596
0.30265132566283137,0.23706055476932086
0.3031515757878939,0.27562006351677815
0.3036518259129565,0.31109491431428726
0.30415207603801897,0.3430781986708313
0.3046523261630815,0.3711979494667552
0.3051525762881441,0.39512088787784566
0.30565282641320657,0.41455579157939354
0.3061530765382691,0.42925645097324244
0.30665332666333167,0.4390241841280741
0.30715357678839417,0.4437098853537631
0.3076538269134567,0.4432155868052642
0.3081540770385192,0.4374955171879088
0.30865432716358177,0.4265566464698157
0.3091545772886443,0.4104587104535099
0.3096548274137068,0.38931371407042004
0.31015507753876936,0.3632849172917948
0.3106553276638319,0.33258531255019674
0.3111555777888944,0.29747560748938207
0.31165582791395696,0.2582617316609913
0.3121560780390195,0.21529189041792673
0.312656328164082,0.1689531936727925
0.31315657828914456,0.11966789135316536
0.31365682841420706,0.0678892512539151
0.3141570785392696,0.014097118523019925
0.31465732866433216,-0.04120680081232775
0.31515757878939465,-0.09750388709939589
0.3156578289144572,-0.15426373756382983
0.31615807903951976,-0.21094943063206267
0.31665832916458225,-0.26702287320412676
0.3171585792896448,-0.32195017905320955
0.31765882941470736,-0.37520702606365675
0.31815907953976985,-0.4262839400513614
0.3186593296648324,-0.4746914534399306
0.3191595797898949,-0.5199650880898743
0.31965982991495745,-0.5616701130876514
0.32016008004002,-0.5994060302837184
0.3206603301650825,-0.6328107428072014
0.32116058029014505,-0.6615643646571218
0.3216608304152076,-0.6853926327511063
0.3221610805402701,-0.7040698864725943
0.32266133066533265,-0.7174215837632862
0.3231615807903952,-0.7253263271227843
0.3236618309154577,-0.7277173774625258
0.32416208104052024,-0.7245836385739086
0.32466233116558274,-0.7159700999668146
0.3251625812906453,-0.70197773096832
0.32566283141570784,-0.6827628241943386
0.32616308154077034,-0.6585357917712525
0.3266633316658329,-0.6295594229400695
0.32716358179089544,-0.5961466168743194
0.32766383191595794,-0.5586576096346568
0.3281640820410205,-0.5174967191206449
0.32866433216608304,-0.4731086366162963
0.32916458229114554,-0.4259742980155855
0.3296648324162081,-0.376606372014027
0.33016508254127064,-0.3255444064229863
0.33066533266633313,-0.2733496772650023
0.3311655827913957,-0.22059978840917216
0.3316658329164582,-0.16788307217334075
0.33216608304152073,-0.11579284352668229
0.3326663331665833,-0.06492156225256074
0.3331665832916458,-0.015854958654809577
0.33366683341670833,0.030833820899728734
0.3341670835417709,0.07458999212383141
0.3346673336668334,0.11488277850307899
0.33516758379189593,0.1512108692755738
0.3356678339169585,0.18310763582781364
0.336168084042021,0.21014605454345603
0.3366683341670835,0.23194328654505086
0.337168584292146,0.24816486765126317
0.3376688344172086,0.2585284652087006
0.3381690845422711,0.26280716221890077
0.3386693346673336,0.26083223333746264
0.3391695847923962,0.25249538183458897
0.3396698349174587,0.2377504114375255
0.3401700850425212,0.2166143120815428
0.34067033516758377,0.1891677439314795
0.3411705852926463,0.1555549095546127
0.3416708354177088,0.11598280977547526
0.34217108554277137,0.07071988447576716
0.34267133566783387,0.02009404536377113
0.3431715857928964,-0.035509886524271006
0.34367183591795897,-0.0956533201654246
0.34417208604302146,-0.15984758677513478
0.344672336168084,-0.22755815560173287
0.34517258629314657,-0.29820933885112855
0.34567283641820906,-0.37118944645479823
0.3461730865432716,-0.44585634687012377
0.34667333666833416,-0.5215433859450519
0.34717358679339666,-0.5975656121290782
0.3476738369184592,-0.6732262530062629
0.34817408704352176,-0.7478233852962393
0.34867433716858426,-0.8206567381452899
0.3491745872936468,-0.8910345677352827
0.3496748374187093,-0.9582805399930774
0.35017508754377186,-1.0217405575038314
0.3506753376688344,-1.080789466624951
0.3511755877938969,-1.1348375812719105
0.35167583791895946,-1.1833369608991462
0.352176088044022,-1.225787381825615
0.3526763381690845,-1.2617419432430832
0.35317658829414705,-1.2908122519809884
0.3536768384192096,-1.3126731333633823
0.3541770885442721,-1.3270668192558712
0.35467733866933465,-1.3338065686332663
0.35517758879439715,-1.332779680666663
0.3556778389194597,-1.3239498653949329
0.35617808904452225,-1.3073589424653942
0.35667833916958475,-1.28312784415809
0.3571785892946473,-1.2514569048973483
0.35767883941970985,-1.2126254256527373
0.35817908954477234,-1.1669905079847362
0.3586793396698349,-1.1149851589443531
0.35917958979489745,-1.0571156745328107
0.35967983991995994,-0.9939583159113733
0.3601800900450225,-0.926155298964193
0.360680340170085,-0.8544101241024971
0.36118059029514754,-0.7794822792993861
0.3616808404202101,-0.7021813552071796
0.3621810905452726,-0.62336061677928
0.36268134067033514,-0.5439100810462578
0.3631815907953977,-0.4647491555324293
0.3636818409204602,-0.386818896199676
0.36418209104552274,-0.3110739477286204
0.3646823411705853,-0.23847423235628257
0.3651825912956478,-0.1699764563491799
0.36568284142071034,-0.10652550547596248
0.3661830915457729,-0.04904580252730531
0.3666833416708354,0.0015672990037910732
0.36718359179589793,0.04445601053448685
0.36768384192096043,0.07880841895714585
0.368184092046023,0.10386653866531509
0.36868434217108553,0.11893403303641142
0.36918459229614803,0.12338353548504627
0.3696848424212106,0.11666350293426908
0.37018509254627313,0.09830453788231608
0.3706853426713356,0.06792511914356636
0.3711855927963982,0.02523668578519167
0.37168584292146073,-0.029951976269823488
0.3721860930465232,-0.09773109008630365
0.3726863431715858,-0.1780870252802471
0.3731865932966483,-0.2709002503585457
0.3736868434217108,-0.3759441263507566
0.3741870935467734,-0.4928845614351355
0.37468734367183587,-0.6212805392339498
0.3751875937968984,-0.760585526268716
0.375687843921961,-0.9101497567858828
0.37618809404702347,-1.0692233858488085
0.376688344172086,-1.2369604943039487
0.37718859429714857,-1.4124239220299881
0.37768884442221107,-1.594590898830892
0.3781890945472736,-1.7823594354957764
0.3786893446723361,-1.9745554309802142
0.37918959479739867,-2.1699404454230886
0.3796898449224612,-2.3672200828507326
0.3801900950475237,-2.56505292199256
0.38069034517258626,-2.7620599286821275
0.3811905952976488,-2.956834278891935
0.3816908454227113,-3.147951517587875
0.38219109554777386,-3.333979975324298
0.3826913456728364,-3.5134913618638293
0.3831915957978989,-3.685071454123093
0.38369184592296146,-3.847330794433236
0.38419209604802396,-3.9989153144790053
0.3846923461730865,-4.138516800348843
0.38519259629814906,-4.264883114892472
0.38569284642321155,-4.376828095040374
0.3861930965482741,-4.4732410438789225
0.38669334667333666,-4.553095740082677
0.38719359679839915,-4.615458890759613
0.3876938469234617,-4.659497957839082
0.38819409704852426,-4.684488292794584
0.38869434717358675,-4.689819519707668
0.3891945972986493,-4.675001112402572
0.38969484742371185,-4.639667117569195
0.39019509754877435,-4.583579982393488
0.3906953476738369,-4.506633452176558
0.3911955977988994,-4.4088545106898085
0.39169584792396195,-4.290404343523652
0.3921960980490245,-4.151578312380954
0.392696348174087,-3.9928049360794198
0.39319659829914955,-3.8146438818957997
0.3936968484242121,-3.6177829787446383
0.3941970985492746,-3.4030342714688815
0.39469734867433715,-3.1713291431668957
0.3951975987993997,-2.9237125399253063
0.3956978489244622,-2.661336339508091
0.39619809904952474,-2.385451912410723
0.39669834917458724,-2.097401930167168
0.3971985992996498,-1.7986114818404335
0.39769884942471234,-1.4905785651893901
0.39819909954977484,-1.1748640240332247
0.3986993496748374,-0.8530810077931994
0.39919959979989994,-0.5268840330401846
0.39969984992496244,-0.1979577300825091
0.400200100050025,0.1319946398322275
0.40070035017508754,0.4612628092766795
0.40120060030015003,0.7881411827975416
0.4017008504252126,1.1109404794639395
0.4022011005502751,1.4279992510980506
0.40270135067533763,1.7376951884800234
0.4032016008004002,2.038456129525955
0.4037018509254627,2.3287706858434074
0.40420210105052523,2.6071984071420244
0.4047023511755878,2.872379406699903
0.4052026013006503,3.1230433754260947
0.40570285142571283,3.35801791697681
0.4062031015507754,3.5762361418414206
0.4067033516758379,3.7767434642662674
0.4072036018009004,3.958703552279238
0.407703851925963,4.121403387864942
0.4082041020510255,4.264257401462373
0.408704352176088,4.386810652353179
0.4092046023011505,4.488741034120399
0.4097048524262131,4.5698604921205295
0.4102051025512756,4.630115247760752
0.4107053526763381,4.669585032246106
0.41120560280140067,4.6884813402901795
0.4117058529264632,4.687144722005796
0.4122061030515257,4.66604113874385
0.41270635317658827,4.625757415968375
0.4132066033016508,4.566995833283224
0.4137068534267133,4.49056789840407
0.41420710355177587,4.397387358143919
0.41470735367683836,4.288462505300814
0.4152076038019009,4.164887845655322
0.41570785392696347,4.027835194061734
0.41620810405202596,3.8785442728110615
0.4167083541770885,3.7183128890242005
0.41720860430215106,3.548486770773105
0.41770885442721356,3.3704491439015696
0.4182091045522761,3.185610133112996
0.41870935467733866,2.9953960717954478
0.41920960480240116,2.80123880526217
0.4197098549274637,2.604565071598749
0.4202101050525262,2.4067860431330335
0.42071035517758876,2.2092871096925117
0.4212106053026513,2.0134179823071787
0.4217108554277138,1.8204831928737086
0.42221110555277636,1.6317330615511603
0.4227113556778389,1.4483551993428796
0.4232116058029014,1.271466608470217
0.42371185592796395,1.1021064378076386
0.4242121060530265,0.941229444870355
0.424712356178089,0.7897002096752712
0.42521260630315155,0.6482881392896036
0.4257128564282141,0.5176632950928793
0.4262131065532766,0.39839306776662087
0.42671335667833915,0.2909397178530678
0.42721360680340165,0.19565879244877427
0.4277138569284642,0.11279842128455553
0.42821410705352675,0.042499488151590104
0.42871435717858924,-0.015203333575127154
0.4292146073036518,-0.06037969962823497
0.42971485742871435,-0.09320089292697897
0.43021510755377684,-0.11393633281678417
0.4307153576788394,-0.12294933352759213
0.43121560780390195,-0.12069215582846737
0.43171585792896444,-0.10770040136049858
0.432216108054027,-0.0845868041761281
0.4327163581790895,-0.052034478559766825
0.43321660830415204,-0.010789686216815947
0.4337168584292146,0.038345810635353944
0.4342171085542771,0.09452274088624324
0.43471735867933964,0.15685258923038703
0.4352176088044022,0.22441606069965553
0.4357178589294647,0.29627167080782346
0.43621810905452724,0.37146438675078874
0.4367183591795898,0.4490342454113943
0.4372186093046523,0.5280248748580736
0.43771885942971483,0.6074918475881921
0.43821910955477733,0.6865107959325633
0.4387193596798399,0.7641852227858118
0.43921960980490243,0.8396539441278282
0.43971985992996493,0.912098103625937
0.4402201100550275,0.980747703914848
0.44072036018009003,1.0448876039047117
0.4412206103051525,1.103862936620675
0.4417208604302151,1.1570839075831965
0.44222111055527763,1.2040299395461709
0.4427213606803401,1.2442531354680608
0.4432216108054027,1.2773810378439983
0.44372186093046523,1.3031186689187209
0.4442221110555277,1.3212498427743857
0.4447223611805903,1.3316377467866145
0.44522261130565277,1.334224796408623
0.4457228614307153,1.3290317736214674
0.4462231115557779,1.3161562656219687
0.44672336168084037,1.2957704263554697
0.4472236118059029,1.2681180892855446
0.44772386193096547,1.2335112652791866
0.44822411205602797,1.19232606462539
0.4487243621810905,1.144998086956947
0.44922461230615307,1.09201732716742
0.44972486243121557,1.0339226492743532
0.4502251125562781,0.9712958835439689
0.4507253626813406,0.9047556050354428
0.45122561280640316,0.8349506540216239
0.4517258629314657,0.7625534604838229
0.4522261130565282,0.688253236044991
0.45272636318159076,0.6127490972959241
0.4532266133066533,0.5367431844790681
0.4537268634317158,0.4609338389281702
0.45422711355677836,0.38600890152976264
0.4547273636818409,0.3126391927864959
0.4552276138069034,0.24147223284219832
0.45572786393196596,0.17312625709804674
0.45622811405702846,0.10818457983584429
0.456728364182091,0.04719035460011267
0.45722861430715356,-0.009358223987889103
0.45772886443221605,-0.06101223676537182
0.4582291145572786,-0.1073758394796136
0.45872936468234116,-0.14810951479705314
0.45922961480740365,-0.18293275182368773
0.4597298649324662,-0.21162613359291715
0.46023011505752875,-0.23403281861799685
0.46073036518259125,-0.25005940833341056
0.4612306153076538,-0.2596761980108221
0.4617308654327163,-0.26291681447680226
0.46223111555777885,-0.2598772496310343
0.4627313656828414,-0.2507143043120043
0.4632316158079039,-0.23564346243343115
0.46373186593296645,-0.21493622047033767
0.464232116058029,-0.18891690226314123
0.4647323661830915,-0.15795899368816946
0.46523261630815405,-0.12248103597253318
0.4657328664332166,-0.08294212027553166
0.4662331165582791,-0.0398370295820597
0.46673336668334164,0.006308923071121693
0.4672336168084042,0.05494530851423922
0.4677338669334667,0.10550219397892077
0.46823411705852924,0.15739589922157754
0.46873436718359174,0.2100348402326696
0.4692346173086543,0.26282540408011257
0.46973486743371684,0.31517779851475547
0.47023511755877934,0.3665118205707759
0.4707353676838419,0.4162624895166074
0.47123561780890444,0.46388549113761235
0.47173586793396693,0.5088623824452538
0.4722361180590295,0.5507055084845307
0.47273636818409204,0.5889625859279324
0.47323661830915453,0.6232209115684221
0.4737368684342171,0.6531111576237072
0.4742371185592796,0.6783107199008518
0.47473736868434213,0.698546589305846
0.4752376188094047,0.7135977218727434
0.4757378689344672,0.723296887388023
0.47623811905952973,0.7275319817505601
0.4767383691845923,0.7262467933887153
0.4772386193096548,0.7194412193043325
0.47773886943471733,0.707170931579401
0.4782391195597799,0.6895465004169808
0.4787393696848424,0.6667319849428124
0.4792396198099049,0.6389430080214977
0.4797398699349674,0.6064443361947066
0.48024012006003,0.5695469904825712
0.4807403701850925,0.5286049181618976
0.481240620310155,0.48401125970589937
0.48174087043521757,0.43619424880137064
0.4822411205602801,0.3856127867193935
0.4827413706853426,0.3327517352712537
0.48324162081040517,0.27811697510848943
0.4837418709354677,0.22223027820125685
0.4842421210605302,0.16562404493445496
0.48474237118559277,0.10883595738240925
0.4852426213106553,0.05240360095249452
0.4857428714357178,-0.003140893280837831
0.48624312156078037,-0.05727613359573902
0.48674337168584286,-0.10949662889777334
0.4872436218109054,-0.15931777649349876
0.48774387193596797,-0.2062806284161517
0.48824412206103046,-0.24995639061888975
0.488744372186093,-0.28995061204175343
0.48924462231115556,-0.32590702365106294
0.48974487243621806,-0.3575109910164499
0.4902451225612806,-0.38449254779515085
0.49074537268634316,-0.406628981600623
0.49124562281140566,-0.42374694810376234
0.4917458729364682,-0.4357240938068353
0.4922461230615307,-0.44249017270090674
0.49274637318659326,-0.4440276469203308
0.4932466233116558,-0.4403717664966226
0.4937468734367183,-0.4316101283420718
0.49424712356178085,-0.4178817196124989
0.4947473736868434,-0.39937545556148285
0.4952476238119059,-0.3763282268587891
0.49574787393696845,-0.3490224760568371
0.496248124062031,-0.31778332740777343
0.4967483741870935,-0.28297529851624065
0.49724862431215605,-0.24499862631965785
0.49774887443721855,-0.2042852435816907
0.4982491245622811,-0.16129444542899465
0.49874937468734365,-0.11650828842727706
0.49924962481240615,-0.07042676725000459
0.4997498749374687,-0.023562816120172025
0.5002501250625312,0.02356281612015063
0.5007503751875938,0.0704267672499711
0.5012506253126563,0.11650828842725103
0.5017508754377188,0.16129444542898141
0.5022511255627814,0.20428524358166023
0.5027513756878439,0.244998626319629
0.5032516258129064,0.2829752985162177
0.503751875937969,0.3177833274077608
0.5042521260630315,0.34902247605681824
0.504752376188094,0.37632822685877
0.5052526263131566,0.3993754555614747
0.5057528764382191,0.41788171961248527
0.5062531265632816,0.4316101283420627
0.5067533766883441,0.44037176649661647
0.5072536268134067,0.44402764692033314
0.5077538769384692,0.4424901727009154
0.5082541270635317,0.4357240938068425
0.5087543771885943,0.4237469481037721
0.5092546273136568,0.40662898160062844
0.5097548774387193,0.38449254779516195
0.5102551275637819,0.3575109910164702
0.5107553776888444,0.32590702365108226
0.5112556278139069,0.28995061204177486
0.5117558779389695,0.24995639061891117
0.512256128064032,0.20628062841616412
0.5127563781890945,0.15931777649353673
0.5132566283141571,0.10949662889780098
0.5137568784392196,0.05727613359576744
0.5142571285642821,0.003140893280859536
0.5147573786893447,-0.052403600952472096
0.5152576288144072,-0.1088359573823684
0.5157578789394697,-0.1656240449344188
0.5162581290645323,-0.22223027820122937
0.5167583791895948,-0.2781169751084472
0.5172586293146573,-0.33275173527121704
0.5177588794397199,-0.3856127867193697
0.5182591295647824,-0.4361942488013351
0.5187593796898449,-0.48401125970585723
0.5192596298149074,-0.5286049181618739
0.51975987993997,-0.5695469904825297
0.5202601300650325,-0.606444336194681
0.520760380190095,-0.6389430080214601
0.5212606303151576,-0.666731984942798
0.5217608804402201,-0.6895465004169762
0.5222611305652826,-0.7071709315793848
0.5227613806903452,-0.7194412193043342
0.5232616308154077,-0.7262467933887122
0.5237618809404702,-0.7275319817505534
0.5242621310655328,-0.7232968873880181
0.5247623811905953,-0.7135977218727498
0.5252626313156578,-0.6985465893058556
0.5257628814407204,-0.6783107199008567
0.5262631315657829,-0.653111157623731
0.5267633816908454,-0.6232209115684422
0.527263631815908,-0.5889625859279441
0.5277638819409705,-0.5507055084845458
0.528264132066033,-0.508862382445275
0.5287643821910956,-0.4638854911376219
0.5292646323161581,-0.4162624895166359
0.5297648824412206,-0.366511820570826
0.530265132566283,-0.31517779851478034
0.5307653826913457,-0.2628254040801371
0.5312656328164082,-0.21003484023269048
0.5317658829414706,-0.15739589922162733
0.5322661330665333,-0.1055021939789556
0.5327663831915957,-0.05494530851428177
0.5332666333166582,-0.0063089230711581255
0.5337668834417209,0.03983702958203689
0.5342671335667833,0.08294212027548178
0.5347673836918458,0.12248103597248333
0.5352676338169085,0.15795899368813648
0.535767883941971,0.18891690226311425
0.5362681340670334,0.21493622047031213
0.536768384192096,0.23564346243342554
0.5372686343171585,0.25071430431197905
0.537768884442221,0.25987724963099557
0.5382691345672836,0.26291681447678206
0.5387693846923461,0.259676198010816
0.5392696348174086,0.25005940833339935
0.5397698849424712,0.23403281861798053
0.5402701350675337,0.2116261335929095
0.5407703851925962,0.18293275182367508
0.5412706353176588,0.14810951479704249
0.5417708854427213,0.10737583947961904
0.5422711355677838,0.061012236765388805
0.5427713856928463,0.009358223987906644
0.5432716358179089,-0.047190354600115114
0.5437718859429714,-0.10818457983583474
0.5442721360680339,-0.17312625709802232
0.5447723861930965,-0.24147223284219366
0.545272636318159,-0.31263919278648533
0.5457728864432215,-0.3860089015297332
0.5462731365682841,-0.4609338389281542
0.5467733866933466,-0.5367431844790592
0.5472736368184091,-0.6127490972959031
0.5477738869434717,-0.6882532360449678
0.5482741370685342,-0.7625534604838012
0.5487743871935967,-0.8349506540215846
0.5492746373186593,-0.9047556050354094
0.5497748874437218,-0.9712958835439531
0.5502751375687843,-1.033922649274309
0.5507753876938469,-1.0920173271674039
0.5512756378189094,-1.1449980869569187
0.5517758879439719,-1.1923260646253695
0.5522761380690345,-1.2335112652791669
0.552776388194097,-1.2681180892855308
0.5532766383191595,-1.2957704263554364
0.5537768884442221,-1.3161562656219474
0.5542771385692846,-1.3290317736214488
0.5547773886943471,-1.334224796408619
0.5552776388194096,-1.3316377467866054
0.5557778889444722,-1.3212498427743744
0.5562781390695347,-1.303118668918714
0.5567783891945972,-1.2773810378440063
0.5572786393196598,-1.2442531354680428
0.5577788894447223,-1.2040299395461627
0.5582791395697848,-1.1570839075832062
0.5587793896948474,-1.1038629366206658
0.5592796398199099,-1.0448876039047037
0.5597798899449724,-0.9807477039148566
0.560280140070035,-0.9120981036259338
0.5607803901950975,-0.8396539441278273
0.56128064032016,-0.764185222785827
0.5617808904452226,-0.6865107959325807
0.5622811405702851,-0.6074918475881963
0.5627813906953476,-0.5280248748580899
0.5632816408204102,-0.4490342454113967
0.5637818909454727,-0.3714643867508084
0.5642821410705352,-0.296271670807849
0.5647823911955978,-0.2244160606996622
0.5652826413206603,-0.15685258923041046
0.5657828914457228,-0.09452274088625809
0.5662831415707853,-0.038345810635374816
0.5667833916958479,0.010789686216803724
0.5672836418209104,0.05203447855974938
0.5677838919459729,0.0845868041761251
0.5682841420710355,0.10770040136048764
0.568784392196098,0.12069215582845327
0.5692846423211605,0.12294933352758619
0.5697848924462231,0.11393633281677507
0.5702851425712856,0.09320089292698452
0.5707853926963481,0.06037969962824563
0.5712856428214107,0.015203333575139033
0.5717858929464732,-0.04249948815158455
0.5722861430715357,-0.1127984212845381
0.5727863931965983,-0.1956587924487635
0.5732866433216608,-0.29093971785306094
0.5737868934467233,-0.39839306776659145
0.5742871435717859,-0.5176632950928709
0.5747873936968484,-0.6482881392895771
0.5752876438219109,-0.7897002096752259
0.5757878939469735,-0.9412294448703362
0.576288144072036,-1.1021064378076186
0.5767883941970985,-1.2714666084701745
0.5772886443221611,-1.4483551993428625
0.5777888944472236,-1.6317330615511174
0.5782891445722861,-1.8204831928736391
0.5787893946973486,-2.013417982307124
0.5792896448224112,-2.209287109692468
0.5797898949474737,-2.406786043132977
0.5802901450725362,-2.604565071598682
0.5807903951975988,-2.8012388052621158
0.5812906453226613,-2.9953960717953967
0.5817908954477238,-3.18561013311294
0.5822911455727864,-3.370449143901534
0.5827913956978489,-3.5484867707730543
0.5832916458229114,-3.718312889024138
0.583791895947974,-3.8785442728110158
0.5842921460730365,-4.027835194061706
0.584792396198099,-4.164887845655272
0.5852926463231616,-4.2884625053008
0.5857928964482241,-4.397387358143896
0.5862931465732866,-4.49056789840403
0.5867933966983492,-4.5669958332832135
0.5872936468234117,-4.6257574159683745
0.5877938969484742,-4.666041138743841
0.5882941470735368,-4.687144722005787
0.5887943971985993,-4.688481340290179
0.5892946473236618,-4.669585032246108
0.5897948974487243,-4.630115247760774
0.5902951475737869,-4.569860492120543
0.5907953976988494,-4.4887410341204355
0.5912956478239119,-4.386810652353216
0.5917958979489745,-4.264257401462396
0.592296148074037,-4.121403387864973
0.5927963981990995,-3.9587035522792813
0.5932966483241621,-3.7767434642663122
0.5937968984492246,-3.57623614184147
0.5942971485742871,-3.358017916976906
0.5947973986993497,-3.1230433754261577
0.5952976488244122,-2.872379406699944
0.5957978989494747,-2.607198407142113
0.5962981490745373,-2.328770685843471
0.5967983991995998,-2.0384561295260326
0.5972986493246623,-1.7376951884801106
0.5977988994497249,-1.427999251098146
0.5982991495747874,-1.1109404794640039
0.5987993996998499,-0.7881411827976808
0.5992996498249125,-0.4612628092767121
0.599799899949975,-0.1319946398322887
0.6003001500750375,0.19795773008240183
0.6008004002001001,0.5268840330401644
0.6013006503251626,0.8530810077931078
0.601800900450225,1.1748640240331074
0.6023011505752875,1.4905785651892833
0.6028014007003502,1.7986114818403596
0.6033016508254126,2.0974019301670905
0.6038019009504751,2.38545191241062
0.6043021510755378,2.661336339508037
0.6048024012006002,2.923712539925245
0.6053026513256627,3.1713291431668233
0.6058029014507254,3.403034271468818
0.6063031515757878,3.6177829787445903
0.6068034017008503,3.814643881895723
0.607303651825913,3.9928049360793807
0.6078039019509754,4.151578312380929
0.6083041520760379,4.290404343523611
0.6088044022011005,4.408854510689792
0.609304652326163,4.5066334521765326
0.6098049024512255,4.583579982393467
0.6103051525762881,4.639667117569185
0.6108054027013506,4.67500111240257
0.6113056528264131,4.689819519707673
0.6118059029514757,4.684488292794591
0.6123061530765382,4.659497957839101
0.6128064032016007,4.615458890759639
0.6133066533266633,4.553095740082684
0.6138069034517258,4.473241043878941
0.6143071535767883,4.376828095040409
0.6148074037018508,4.264883114892525
0.6153076538269134,4.138516800348878
0.6158079039519759,3.998915314479062
0.6163081540770384,3.8473307944332817
0.616808404202101,3.6850714541231206
0.6173086543271635,3.5134913618638737
0.617808904452226,3.3339799753243655
0.6183091545772886,3.1479515175879227
0.6188094047023511,2.9568342788919812
0.6193096548274136,2.7620599286821808
0.6198099049524762,2.5650529219925926
0.6203101550775387,2.367220082850775
0.6208104052026012,2.169940445423161
0.6213106553276638,1.974555430980258
0.6218109054527263,1.782359435495823
0.6223111555777888,1.5945908988309507
0.6228114057028514,1.4124239220300003
0.6233116558279139,1.2369604943039905
0.6238119059529764,1.0692233858488605
0.624312156078039,0.9101497567859016
0.6248124062031015,0.7605855262687439
0.625312656328164,0.621280539233996
0.6258129064532265,0.4928845614351758
0.6263131565782891,0.375944126350786
0.6268134067033516,0.27090025035857557
0.6273136568284141,0.178087025280266
0.6278139069534767,0.0977310900863122
0.6283141570785392,0.029951976269826153
0.6288144072036017,-0.025236685785175794
0.6293146573286643,-0.0679251191435648
0.6298149074537268,-0.09830453788230753
0.6303151575787893,-0.1166635029342673
0.6308154077038519,-0.1233835354850516
0.6313156578289144,-0.11893403303641897
0.6318159079539769,-0.10386653866533341
0.6323161580790395,-0.0788084189571572
0.632816408204102,-0.044456010534492094
0.6333166583291645,-0.0015672990037994198
0.6338169084542271,0.049045802527298274
0.6343171585792896,0.10652550547594408
0.6348174087043521,0.16997645634915715
0.6353176588294147,0.23847423235627258
0.6358179089544772,0.3110739477286118
0.6363181590795397,0.3868188961996477
0.6368184092046023,0.4647491555324275
0.6373186593296648,0.5439100810462396
0.6378189094547273,0.6233606167792594
0.6383191595797898,0.7021813552071583
0.6388194097048524,0.7794822792993721
0.6393196598299149,0.8544101241024782
0.6398199099549774,0.9261552989641766
0.64032016008004,0.9939583159113651
0.6408204102051025,1.0571156745328014
0.641320660330165,1.1149851589443416
0.6418209104552276,1.1669905079847491
0.6423211605802901,1.2126254256527533
0.6428214107053526,1.2514569048973445
0.6433216608304152,1.2831278441581047
0.6438219109554777,1.3073589424654057
0.6443221610805402,1.3239498653949529
0.6448224112056028,1.3327796806666803
0.6453226613306653,1.333806568633288
0.6458229114557278,1.32706681925589
0.6463231615807904,1.312673133363401
0.6468234117058529,1.2908122519810186
0.6473236618309154,1.2617419432431187
0.647823911955978,1.2257873818256386
0.6483241620810405,1.183336960899172
0.648824412206103,1.1348375812719356
0.6493246623311655,1.0807894666249878
0.6498249124562281,1.0217405575038612
0.6503251625812906,0.9582805399931218
0.6508254127063531,0.8910345677353091
0.6513256628314157,0.8206567381453228
0.6518259129564782,0.7478233852962529
0.6523261630815407,0.6732262530063016
0.6528264132066033,0.5975656121291021
0.6533266633316658,0.5215433859450771
0.6538269134567283,0.4458563468701513
0.6543271635817909,0.3711894464548199
0.6548274137068534,0.2982093388511503
0.6553276638319159,0.22755815560175774
0.6558279139569785,0.15984758677513822
0.656328164082041,0.09565332016542338
0.6568284142071035,0.03550988652428544
0.6573286643321661,-0.020094045363770352
0.6578289144572286,-0.07071988447577726
0.6583291645822911,-0.11598280977548014
0.6588294147073537,-0.15555490955462348
0.6593296648324162,-0.1891677439314935
0.6598299149574787,-0.21661431208154946
0.6603301650825413,-0.23775041143754216
0.6608304152076038,-0.25249538183460307
0.6613306653326663,-0.26083223333749217
0.6618309154577288,-0.26280716221892175
0.6623311655827914,-0.2585284652087142
0.6628314157078539,-0.24816486765129775
0.6633316658329164,-0.23194328654508417
0.663831915957979,-0.2101460545434919
0.6643321660830415,-0.18310763582784623
0.664832416208104,-0.1512108692756023
0.6653326663331666,-0.11488277850309778
0.6658329164582291,-0.07458999212385628
0.6663331665832916,-0.030833820899782385
0.6668334167083542,0.01585495865477294
0.6673336668334167,0.06492156225252402
0.6678339169584792,0.11579284352665142
0.6683341670835418,0.16788307217331488
0.6688344172086043,0.22059978840915428
0.6693346673336668,0.27334967726495685
0.6698349174587294,0.3255444064229557
0.6703351675837919,0.37660637201400504
0.6708354177088544,0.42597429801554654
0.671335667833917,0.4731086366162963
0.6718359179589795,0.5174967191206234
0.672336168084042,0.558657609634638
0.6728364182091046,0.5961466168743023
0.673336668334167,0.6295594229400522
0.6738369184592296,0.6585357917712418
0.674337168584292,0.6827628241943196
0.6748374187093547,0.7019777309683157
0.6753376688344171,0.7159700999668172
0.6758379189594796,0.7245836385739213
0.6763381690845423,0.7277173774625326
0.6768384192096047,0.7253263271228017
0.6773386693346672,0.7174215837633027
0.6778389194597298,0.7040698864726029
0.6783391695847923,0.6853926327511228
0.6788394197098548,0.6615643646571399
0.6793396698349174,0.6328107428072293
0.6798399199599799,0.5994060302837293
0.6803401700850424,0.5616701130876779
0.680840420210105,0.5199650880898872
0.6813406703351675,0.4746914534399451
0.68184092046023,0.42628394005139253
0.6823411705852926,0.37520702606366985
0.6828414207103551,0.3219501790532387
0.6833416708354176,0.26702287320416807
0.6838419209604802,0.2109494306321033
0.6843421710855427,0.1542637375638787
0.6848424212106052,0.09750388709941393
0.6853426713356677,0.04120680081235434
0.6858429214607303,-0.01409711852300144
0.6863431715857928,-0.06788925125388623
0.6868434217108553,-0.11966789135313127
0.6873436718359179,-0.16895319367277062
0.6878439219609804,-0.21529189041789987
0.6883441720860429,-0.2582617316609602
0.6888444222111055,-0.29747560748935997
0.689344672336168,-0.33258531255016943
0.6898449224612305,-0.3632849172917859
0.6903451725862931,-0.3893137140703984
0.6908454227113556,-0.4104587104535101
0.6913456728364181,-0.42655664646981095
0.6918459229614807,-0.4374955171879138
0.6923461730865432,-0.4432155868052642
0.6928464232116057,-0.443709885353757
0.6933466733366683,-0.43902418412807687
0.6938469234617308,-0.42925645097323883
0.6943471735867933,-0.4145557915794021
0.6948474237118559,-0.3951208878778499
0.6953476738369184,-0.37119794946677387
0.6958479239619809,-0.34307819867084316
0.6963481740870435,-0.3110949143142981
0.696848424212106,-0.275620063516788
0.6973486743371685,-0.23706055476933052
0.697848924462231,-0.19585414917339827
0.6983491745872936,-0.15246506999793147
0.6988494247123561,-0.10737935359531145
0.6993496748374186,-0.06109998719005401
0.6998499249624812,-0.014141881092291522
0.7003501750875437,0.032973275530003454
0.7008504252126062,0.07972222507275474
0.7013506753376688,0.12558536723216956
0.7018509254627313,0.17005194903001525
0.7023511755877938,0.2126251684426566
0.7028514257128564,0.25282714177559185
0.7033516758379189,0.29020368622569354
0.7038519259629814,0.3243288708418256
0.704352176088044,0.35480929130703953
0.7048524262131065,0.38128802660847283
0.705352676338169,0.4034482387040538
0.7058529264632316,0.4210163797121991
0.7063531765882941,0.4337649749104616
0.7068534267133566,0.44151495389329265
0.7073536768384192,0.4441375065730322
0.7078539269634817,0.44155544526798285
0.7083541770885442,0.43374405886697764
0.7088544272136067,0.4207314499434638
0.7093546773386693,0.4025983506708769
0.7098549274637318,0.3794774184153352
0.7103551775887943,0.351552016905442
0.7108554277138569,0.31905449385496354
0.7113556778389194,0.282263970793602
0.7118559279639819,0.24150366559964698
0.7123561780890445,0.19713777277995792
0.712856428214107,0.14956793086359155
0.7133566783391695,0.09922931032605309
0.7138569284642321,0.04658635920052456
0.7143571785892946,-0.007871753073444399
0.7148574287143571,-0.06363594999876115
0.7153576788394197,-0.12018227439483639
0.7158579289644822,-0.17697707845167931
0.7163581790895447,-0.23348232740121494
0.7168584292146073,-0.28916096549662
0.7173586793396698,-0.3434822922311832
0.7178589294647323,-0.3959272964615369
0.7183591795897949,-0.44599389633122705
0.7188594297148574,-0.4932020336185604
0.7193596798399199,-0.5370985723524175
0.7198599299649825,-0.577261953239646
0.720360180090045,-0.6133065576149581
0.7208604302151075,-0.6448867372394673
0.72136068034017,-0.6717004693123544
0.7218609304652326,-0.6934925994970498
0.7223611805902951,-0.7100576395658548
0.7228614307153576,-0.7212420904005967
0.7233616808404202,-0.7269462655155827
0.7238619309654827,-0.7271255949496933
0.7243621810905452,-0.7217913942670962
0.7248624312156078,-0.7110110884620946
0.7253626813406703,-0.6949078857389781
0.7258629314657328,-0.6736599013835176
0.7263631815907954,-0.6474987372085899
0.7268634317158579,-0.6167075272962652
0.7273636818409204,-0.5816184659189243
0.727863931965983,-0.542609838559407
0.7283641820910455,-0.5001025818112492
0.728864432216108,-0.45455640258374375
0.7293646823411706,-0.40646549141495647
0.7298649324662331,-0.3563538687689566
0.7303651825912956,-0.30477040692045043
0.7308654327163582,-0.25228357337564755
0.7313656828414207,-0.1994759447091906
0.7318659329664832,-0.14693854218249874
0.7323661830915458,-0.09526504252755874
0.7328664332166083,-0.045045918805798515
0.7333666833416708,0.0031374327286893024
0.7338669334667333,0.04871852333030936
0.7343671835917959,0.0911515036245035
0.7348674337168584,0.1299167407803738
0.7353676838419209,0.16452618622611315
0.7358679339669835,0.19452848073794865
0.736368184092046,0.21951374584219163
0.7368684342171085,0.23911801306772218
0.7373686843421711,0.2530272456523937
0.7378689344672336,0.26098091081814123
0.7383691845922961,0.2627750646526028
0.7388694347173587,0.25826491593802225
0.7393696848424212,0.2473668399141321
0.7398699349674837,0.23005981790636765
0.7403701850925463,0.20638628395634673
0.7408704352176088,0.17645236500424233
0.7413706853426713,0.14042750675094728
0.7418709354677339,0.09854348301680937
0.7423711855927964,0.051092792164120326
0.7428714357178589,-0.0015735500917060108
0.7433716858429215,-0.059048806442087876
0.743871935967984,-0.12087388165962687
0.7443721860930465,-0.18654122806133278
0.744872436218109,-0.2554992613660926
0.7453726863431716,-0.3271572505322248
0.745872936468234,-0.4008906404371144
0.7463731865932965,-0.47604676187904005
0.7468734367183592,-0.5519508793819969
0.7473736868434216,-0.6279125237077516
0.7478739369684841,-0.7032320528604383
0.7483741870935467,-0.7772073827375068
0.7488744372186092,-0.8491408264666926
0.7493746873436717,-0.9183459798922371
0.7498749374687343,-0.984154589652176
0.7503751875937968,-1.045923339838827
0.7508754377188593,-1.1030404933589708
0.751375687843922,-1.1549323248165742
0.7518759379689844,-1.201069283023437
0.7523761880940469,-1.24097182309621
0.7528764382191095,-1.274215850507312
0.753376688344172,-1.3004377224064805
0.7538769384692345,-1.3193387549952929
0.7543771885942971,-1.3306891896905169
0.7548774387193596,-1.3343315752244864
0.7553776888444221,-1.3301835276620628
0.7558779389694847,-1.3182398355272176
0.7563781890945472,-1.2985738827813433
0.7568784392196097,-1.271338368234915
0.7573786893446722,-1.236765306053719
0.7578789394697348,-1.195165298287231
0.7583791895947973,-1.146926076747364
0.7588794397198598,-1.092510318043306
0.7593796898449224,-1.0324527420771512
0.7598799399699849,-0.9673565107671546
0.7603801900950474,-0.8978889501341062
0.76088044022011,-0.8247766251048135
0.7613806903451725,-0.7487998023987411
0.761880940470235,-0.6707863426154355
0.7623811905952976,-0.5916050680800948
0.7628814407203601,-0.5121586580808762
0.7633816908454226,-0.43337612779901014
0.7638819409704852,-0.35620495144764575
0.7643821910955477,-0.28160289385658704
0.7648824412206102,-0.210529617933374
0.7653826913456728,-0.1439381380646408
0.7658829414707353,-0.082766191568282
0.7663831915957978,-0.027927601745270994
0.7668834417208604,0.019696293105534474
0.7673836918459229,0.05926507016856544
0.7678839419709854,0.08998743801095632
0.7683841920960479,0.11112916492700486
0.7688844422211105,0.12202064849609656
0.769384692346173,0.12206405748800586
0.7698849424712355,0.11073998022521592
0.7703851925962981,0.0876135170727298
0.7708854427213606,0.05233975884865083
0.7713856928464231,0.004668597597518809
0.7718859429714857,-0.05555117868982318
0.7723861930965482,-0.12836855023508098
0.7728864432216107,-0.2137277253393468
0.7733866933466733,-0.31146642643373634
0.7738869434717358,-0.4213150261339188
0.7743871935967983,-0.5428965502124083
0.7748874437218609,-0.6757275573051048
0.7753876938469234,-0.8192198979388914
0.7758879439719859,-0.9726833481658885
0.7763881940970485,-1.1353291057778647
0.776888444222111,-1.3062741298151894
0.7773886943471735,-1.4845462969386978
0.7778889444722361,-1.6690903412611005
0.7783891945972986,-1.8587745374981455
0.7788894447223611,-2.052398080856069
0.7793896948474237,-2.248699110975136
0.7798899449724862,-2.446363321555902
0.7803901950975487,-2.6440330920523
0.7808904452226112,-2.8403170730696097
0.7813906953476738,-3.0338001529013487
0.7818909454727363,-3.2230537290115704
0.7823911955977988,-3.4066462052515045
0.7828914457228614,-3.5831536332225826
0.7833916958479239,-3.751170414479486
0.7838919459729864,-3.9093199792306454
0.784392196098049,-4.056265356842355
0.7848924462231115,-4.19071955380198
0.785392696348174,-4.311455655837466
0.7858929464732366,-4.417316572621122
0.7863931965982991,-4.507224345896153
0.7868934467233616,-4.580188944933105
0.7873936968484242,-4.635316476928087
0.7878939469734867,-4.671816744269684
0.7883941970985492,-4.689010085487809
0.7888944472236118,-4.686333442121699
0.7893946973486743,-4.6633455996588395
0.7898949474737368,-4.61973155705613
0.7903951975987994,-4.555305986107359
0.7908954477238619,-4.470015749011322
0.7913956978489244,-4.363941449865929
0.791895947973987,-4.237298003405273
0.7923961980990495,-4.0904342120448165
0.792896448224112,-3.923831350143466
0.7933966983491745,-3.7381007622642177
0.7938969484742371,-3.533980490052231
0.7943971985992996,-3.312330950087225
0.7948974487243621,-3.0741296926394246
0.7953976988494247,-2.8204652786071165
0.7958979489744872,-2.5525303189709025
0.7963981990995497,-2.2716137278135653
0.7968984492246123,-1.979092246265866
0.7973986993496748,-1.6764213005950976
0.7978989494747373,-1.3651252630045985
0.7983991995997999,-1.0467871885227666
0.7988994497248624,-0.7230381055734282
0.7993996998499249,-0.39554594141730176
0.7998999499749875,-0.06600416659789145
0.80040020010005,0.2638797552119913
0.8009004502251125,0.5923960239963192
0.8014007003501751,0.9178441779871633
0.8019009504752376,1.238544697090866
0.8024012006003001,1.5528504467540571
0.8029014507253627,1.8591578751582434
0.8034017008504252,2.155917878622852
0.8039019509754877,2.441646252771454
0.8044022011005502,2.7149336503508454
0.8049024512256128,2.9744549705685017
0.8054027013506753,3.2189781093870278
0.8059029514757378,3.4473720053561223
0.8064032016008004,3.6586139212207427
0.8069034517258629,3.8517959076813737
0.8074037018509254,4.026130402241418
0.807903951975988,4.180954923001786
0.8084042021010505,4.315735824504479
0.808904452226113,4.430071090215537
0.8094047023511756,4.523692143917754
0.8099049524762381,4.596464670088452
0.8104052026013006,4.648388441205095
0.8109054527263632,4.679596157782988
0.8114057028514257,4.690351314744536
0.8119059529764882,4.681045115381348
0.8124062031015508,4.65219246163619
0.8129064532266133,4.604427056642562
0.8134067033516758,4.538495662353158
0.8139069534767384,4.455251561612512
0.8144072036018009,4.355647280127237
0.8149074537268634,4.240726629412562
0.815407703851926,4.111616136900971
0.8159079539769885,3.969515933946259
0.816408204102051,3.8156901764082374
0.8169084542271134,3.6514570758310487
0.817408704352176,3.4781786219027064
0.8179089544772385,3.2972500788887755
0.818409204602301,3.110089340050979
0.8189094547273637,2.9181262246889554
0.8194097048524261,2.722791802371246
0.8199099549774886,2.525507828158002
0.8204102051025512,2.327676371172058
0.8209104552276137,2.1306697167578394
0.8214107053526762,1.9358206197031245
0.8219109554777388,1.7444129826128036
0.8224112056028013,1.5576730295447887
0.8229114557278638,1.376761040483925
0.8234117058529264,1.2027637071823731
0.8239119559779889,1.0366871653742407
0.8244122061030514,0.8794507524311336
0.824912456228114,0.7318815332152167
0.8254127063531765,0.5947096302583207
0.825912956478239,0.46856438751183227
0.8264132066033016,0.35397138982905185
0.8269134567283641,0.2513503531192658
0.8274137068534266,0.1610138928152195
0.8279139569784892,0.08316717098253668
0.8284142071035517,0.01790841513416075
0.8289144572286142,-0.03476970534551571
0.8294147073536767,-0.07497786625015235
0.8299149574787393,-0.10292706692245057
0.8304152076038018,-0.11892483427395317
0.8309154577288643,-0.12337069292661146
0.8314157078539269,-0.11675094770752037
0.8319159579789894,-0.0996328300548161
0.8324162081040519,-0.07265806474353861
0.8329164582291145,-0.036535917677128854
0.833416708354177,0.007964210720060094
0.8339169584792395,0.060020578761865784
0.8344172086043021,0.118767213051164
0.8349174587293646,0.1833022619700569
0.8354177088544271,0.25269651939699134
0.8359179589794897,0.32600204421746193
0.8364182091045522,0.40226080111762974
0.8369184592296147,0.4805132487103917
0.8374187093546773,0.559806802233766
0.8379189594797398,0.6392040998675736
0.8384192096048023,0.7177910041157921
0.8389194597298649,0.7946842726746915
0.8394197098549274,0.869038836720999
0.8399199599799899,0.9400546285769517
0.8404202101050524,1.0069829051992225
0.840920460230115,1.0691320188582987
0.8414207103551775,1.1258725916741956
0.84192096048024,1.176642056307558
0.8424212106053026,1.2209485310196413
0.8429214607303651,1.2583740034569804
0.8434217108554276,1.2885768038321674
0.8439219609804902,1.3112933546033942
0.8444222111055527,1.3263391902469672
0.8449224612306152,1.3336092472095176
0.8454227113556778,1.3330774305651958
0.8459229614807403,1.3247954702293678
0.8464232116058028,1.3088910857415352
0.8469234617308654,1.2855654845713935
0.8474237118559279,1.25509022457319
0.8479239619809904,1.2178034765668573
0.848424212106053,1.1741057280135654
0.8489244622311155,1.1244549733376776
0.849424712356178,1.0693614405881824
0.8499249624812406,1.0093819077976782
0.8504252126063031,0.9451136655547934
0.8509254627313656,0.8771881849339644
0.8514257128564282,0.8062645520039067
0.8519259629814907,0.7330227316479914
0.8524262131065532,0.6581567243665538
0.8529264632316157,0.5823676800892086
0.8534267133566783,0.5063570328040677
0.8539269634817408,0.4308197190165227
0.8544272136068033,0.3564375416943224
0.8549274637318659,0.28387273945418146
0.8554277138569284,0.21376181831728536
0.8559279639819909,0.14670970043379628
0.8564282141070535,0.08328424077898944
0.856928464232116,0.024011158988899384
0.8574287143571785,-0.0306305707307305
0.8579289644822411,-0.08021283327977746
0.8584292146073036,-0.1243619564888312
0.8589294647323661,-0.16276173683387796
0.8594297148574287,-0.1951558841756046
0.8599299649824912,-0.22134986822201352
0.8604302151075537,-0.24121215509518468
0.8609304652326163,-0.25467482812963527
0.8614307153576788,-0.26173359278992037
0.8619309654827413,-0.26244717131475304
0.8624312156078039,-0.25693609832323117
0.8629314657328664,-0.2453809341035838
0.8634317158579289,-0.22801991760005247
0.8639319659829914,-0.205146086165848
0.864432216108054,-0.17710389392303344
0.8649324662331165,-0.144285365013126
0.865432716358179,-0.10712582210242214
0.8659329664832416,-0.06609923418582592
0.8664332166083041,-0.021713230980010247
0.8669334667333666,0.025496166014827022
0.8674337168584292,0.07497004339873548
0.8679339669834917,0.12613227251198264
0.8684342171085542,0.17839530734973996
0.8689344672336168,0.23116604750700542
0.8694347173586793,0.28385170966891876
0.8699349674837418,0.33586565145516123
0.8704352176088044,0.38663309223780107
0.8709354677338669,0.4355966768795386
0.8714357178589294,0.4822218301614699
0.871935967983992,0.5260018519715648
0.8724362181090545,0.5664627060811046
0.872936468234117,0.603167458520013
0.8734367183591796,0.635720325140339
0.8739369684842421,0.6637702918966494
0.8744372186093046,0.687014275633065
0.8749374687343672,0.7051997977094763
0.8754377188594297,0.7181271475791984
0.8759379689844922,0.7256510184027194
0.8764382191095547,0.7276816018989202
0.8769384692346173,0.7241851348497272
0.8774387193596798,0.7151838949341394
0.8779389694847423,0.7007556488293477
0.8784392196098049,0.6810325607236583
0.8789394697348674,0.6561995744972982
0.8794397198599299,0.6264922877897253
0.8799399699849925,0.5921943409429042
0.880440220110055,0.5536343483447961
0.8809404702351175,0.5111824039528646
0.8814407203601801,0.465246196718195
0.8819409704852426,0.4162667752160777
0.882441220610305,0.36471400399156884
0.8829414707353677,0.31108175691536366
0.8834417208604302,0.2558828951947191
0.8839419709854927,0.19964407957213626
0.8844422211105553,0.14290046765947778
0.8849424712356178,0.08619034827881017
0.8854427213606803,0.030049765112894755
0.8859429714857429,-0.024992818099852487
0.8864432216108054,-0.07842175915432226
0.8869434717358678,-0.12973933513302816
0.8874437218609305,-0.17847064723718142
0.887943971985993,-0.2241682856002375
0.8884442221110554,-0.26641670942546836
0.8889444722361179,-0.3048363006438457
0.8894447223611806,-0.3390870525348697
0.889944972486243,-0.3688718583585131
0.8904452226113055,-0.3939393689766958
0.8909454727363681,-0.41408639266047054
0.8914457228614306,-0.4291598147438329
0.8919459729864931,-0.4390580194537521
0.8924462231115557,-0.44373180107477583
0.8929464732366182,-0.4431847565498218
0.8934467233616807,-0.4374731566285135
0.8939469734867433,-0.4267052977048741
0.8944472236118058,-0.4110403414881603
0.8949474737368683,-0.39068665457842916
0.8954477238619309,-0.36589966482427805
0.8959479739869934,-0.3369792559796769
0.8964482241120559,-0.30426672660619575
0.8969484742371185,-0.26814134334335504
0.897448724362181,-0.22901652255673147
0.8979489744872435,-0.1873356779298918
0.8984492246123061,-0.14356777476494867
0.8989494747373686,-0.09820263456011022
0.8994497248624311,-0.05174603582206666
0.8999499749874936,-0.00471465901793654
0.9004502251125562,0.04236907493825677
0.9009504752376187,0.08898222225221503
0.9014507253626812,0.13460653892195273
0.9019509754877438,0.1787336575187951
0.9024512256128063,0.22087016751965047
0.9029514757378688,0.26054254955346035
0.9034517258629314,0.2973019153219994
0.9039519759879939,0.33072850681224747
0.9044522261130564,0.36043591071913117
0.904952476238119,0.38607494672198117
0.9054527263631815,0.4073371913778717
0.905952976488244,0.4239581028846897
0.9064532266133066,0.4357197157882545
0.9069534767383691,0.44245287883126894
0.9074537268634316,0.44403901352257313
0.9079539769884942,0.440411375606941
0.9084542271135567,0.431555806391378
0.9089544772386192,0.4175109657909397
0.9094547273636818,0.39836804394842085
0.9099549774887443,0.37426995331021096
0.9104552276138068,0.3454100080588619
0.9109554777388694,0.31203010276299337
0.9114557278639319,0.2744184069602086
0.9119559779889944,0.232906597093948
0.9124562281140569,0.18786665173285177
0.9129564782391195,0.1397072402729651
0.913456728364182,0.08886973931304776
0.9139569784892445,0.03582391456707901
0.9144572286143071,-0.018936690501262454
0.9149574787393696,-0.07489961520199001
0.9154577288644321,-0.13153854465839018
0.9159579789894947,-0.18831852663613874
0.9164582291145572,-0.24470129181252073
0.9169584792396197,-0.3001506259845558
0.9174587293646823,-0.35413774205566373
0.9179589794897448,-0.4061465994708393
0.9184592296148073,-0.4556791191032946
0.9189594797398699,-0.5022602424208694
0.9194597298649324,-0.5454427850777452
0.9199599799899949,-0.5848120368723536
0.9204602301150575,-0.619990062269495
0.92096048024012,-0.6506396583879006
0.9214607303651825,-0.676467930474042
0.9219609804902451,-0.6972294483960637
0.9224612306153076,-0.7127289515627133
0.9229614807403701,-0.722823573868927
0.9234617308654326,-0.727424564750935
0.9239619809904952,-0.7264984871612349
0.9244622311155577,-0.7200678782023594
0.9249624812406202,-0.708211363241716
0.9254627313656828,-0.6910632195241505
0.9259629814907453,-0.6688123905510486
0.9264632316158078,-0.6417009577611447
0.9269634817408704,-0.6100220812742844
0.9274637318659329,-0.5741174266005915
0.9279639819909954,-0.5343740992219809
0.928464232116058,-0.4912211137751623
0.9289644822411205,-0.4451254291591933
0.929464732366183,-0.39658758521059456
0.9299649824912456,-0.34613698059713494
0.9304652326163081,-0.29432683523383507
0.9309654827413706,-0.24172888379049617
0.9314657328664332,-0.18892784970417337
0.9319659829914957,-0.13651575150403245
0.9324662331165582,-0.08508609517718338
0.9329664832416208,-0.03522800773056804
0.9334667333666833,0.012479631979790212
0.9339669834917458,0.057474008684761754
0.9344672336168084,0.09921407606724758
0.9349674837418709,0.13718609638123735
0.9354677338669334,0.17090895983515114
0.9359679839919959,0.19993923095203814
0.9364682341170585,0.2238758713273563
0.936968484242121,0.2423645908974854
0.9374687343671835,0.25510178299130093
0.9379689844922461,0.2618380020307406
0.9384692346173086,0.2623809467509015
0.9389694847423711,0.25659791618254413
0.9394697348674337,0.2444177103502666
0.9399699849924962,0.22583195263991207
0.9404702351175587,0.2008958160388835
0.9409704852426213,0.1697281409034923
0.9414707353676838,0.13251093751171117
0.9419709854927463,0.0894882723647531
0.9424712356178089,0.04096454295739882
0.9429714857428714,-0.012697848509621301
0.9434717358679339,-0.0710814063025158
0.9439719859929965,-0.13371701544843417
0.944472236118059,-0.2000879519535177
0.9449724862431215,-0.2696343965253868
0.9454727363681841,-0.34175841441550614
0.9459729864932466,-0.4158293593385227
0.9464732366183091,-0.49118965511711643
0.9469734867433717,-0.5671609047824681
0.9474737368684342,-0.6430502733734347
0.9479739869934967,-0.7181570876533598
0.9484742371185592,-0.7917795934332861
0.9489744872436218,-0.8632218091827495
0.9494747373686843,-0.9318004131411535
0.9499749874937468,-0.9968516002370786
0.9504752376188094,-1.0577378447849017
0.9509754877438719,-1.1138545051708464
0.9514757378689344,-1.1646362075618888
0.951975987993997,-1.2095629470677554
0.9524762381190595,-1.2481658467525107
0.952976488244122,-1.2800325174107448
0.9534767383691846,-1.3048119640773859
0.9539769884942471,-1.3222189888063969
0.9544772386193096,-1.3320380433007015
0.9549774887443722,-1.3341264894760982
0.9554777388694347,-1.3284172309516051
0.9559779889944972,-1.3149206837440137
0.9564782391195598,-1.2937260600548977
0.9569784892446223,-1.2650019449301686
0.9574787393696848,-1.2289961516932868
0.9579789894947474,-1.186034848350909
0.9584792396198099,-1.1365209535904133
0.9589794897448723,-1.0809318074747791
0.9594797398699348,-1.0198161284369123
0.9599799899949975,-0.9537902746231588
0.96048024012006,-0.8835338339791908
0.9609804902451224,-0.8097845736525582
0.961480740370185,-0.7333327852510999
0.9619809904952475,-0.6550150681897842
0.96248124062031,-0.5757075987280611
0.9629814907453726,-0.49631893730006926
0.9634817408704351,-0.4177824313189935
0.9639819909954976,-0.34104827475582156
0.9644822411205602,-0.2670752894125986
0.9649824912456227,-0.1968224958922536
0.9654827413706852,-0.13124054478648012
0.9659829914957478,-0.07126308052862573
0.9664832416208103,-0.017798111674324227
0.9669834917458728,0.028280537940737323
0.9674837418709354,0.06614162266571932
0.9679839919959979,0.09500463921418031
0.9684842421210604,0.11414768888313065
0.968984492246123,0.1229149670029922
0.9694847423711855,0.12072381129999998
0.969984992496248,0.10707124394625867
0.9704852426213106,0.08153994574885626
0.9709854927463731,0.04380360516000159
0.9714857428714356,-0.006368410459814178
0.9719859929964981,-0.0691071086579278
0.9724862431215607,-0.1444406924422843
0.9729864932466232,-0.2322921831556295
0.9734867433716857,-0.332477874839352
0.9739869934967483,-0.44470664254314374
0.9744872436218108,-0.5685801200884156
0.9749874937468733,-0.7035937556654092
0.9754877438719359,-0.8491387463934104
0.9759879939969984,-1.0045048456663797
0.9764882441220609,-1.168884029800103
0.9769884942471235,-1.3413750032542344
0.977488744372186,-1.5209885145873168
0.9779889944972485,-1.7066534483745033
0.9784892446223111,-1.8972236516330332
0.9789894947473736,-2.0914854469232984
0.9794897448724361,-2.2881657782737443
0.9799899949974987,-2.485940930469016
0.9804902451225612,-2.683445757095211
0.9809904952476237,-2.8792833480958793
0.9814907453726863,-3.072035063499036
0.9819909954977488,-3.2602708564683445
0.9824912456228113,-3.4425598059409923
0.9829914957478738,-3.617480776866047
0.9834917458729364,-3.783633124475897
0.9839919959979989,-3.9396473581213094
0.9844922461230614,-4.08419567999217
0.984992496248124,-4.21600231453046
0.9854927463731865,-4.333853545524648
0.985992996498249,-4.436607379742479
0.9864932466233116,-4.523202758501189
0.9869934967483741,-4.59266824177377
0.9874937468734366,-4.644130093258649
0.9879939969984992,-4.676819699271663
0.9884942471235617,-4.690080259317278
0.9889944972486242,-4.683372691721314
0.9894947473736868,-4.656280703714572
0.9899949974987493,-4.6085149817997655
0.9904952476238118,-4.539916465058598
0.9909954977488744,-4.450458671206775
0.9914957478739369,-4.340249052625571
0.9919959979989994,-4.2095293672249205
0.992496248124062,-4.058675056767514
0.9929964982491245,-3.888193633136481
0.993496748374187,-3.698722080900266
0.9939969984992496,-3.491023292352123
0.9944972486243121,-3.2659815589100187
0.9949974987493746,-3.0245971502963993
0.9954977488744371,-2.7679800202118794
0.9959979989994997,-2.4973426842106954
0.9964982491245622,-2.2139923221228646
0.9969984992496247,-1.9193221635922504
0.9974987493746873,-1.6148022210593949
0.9979989994997498,-1.3019694397660544
0.9984992496248123,-0.9824173390478376
0.9989994997498749,-0.6577852232801447
0.9994997498749374,-0.3297470443082282
1.0,-3.992843749729642e-14
